﻿<?xml version="1.0" encoding="utf-8" ?>
<Users>
  <User id="794cf2ba-a336-4cef-a0ab-948553b935de" name="郭肆嘉" phone="" email="" allowPost="false" postAddress="" postCode="" moreInfo="" isSaved="false" updateDate="2012-01-04 14:31:26.657" />
  <User id="bbaa2b76-a2d4-4cc6-baed-9f3d10ac01ee" name="孙玖剑" phone="" email="" allowPost="false" postAddress="" postCode="" moreInfo="" isSaved="false" updateDate="2012-01-04 14:31:26.674" />
  <User id="e63cefe2-9e8d-407a-936f-85dc0e3bdb5e" name="孙肆凡" phone="" email="" allowPost="false" postAddress="" postCode="" moreInfo="" isSaved="false" updateDate="2012-01-04 14:31:26.675" />
  <User id="0ef4ec2f-29a2-4176-aeda-61016bfee286" name="李贰思" phone="" email="" allowPost="false" postAddress="" postCode="" moreInfo="" isSaved="false" updateDate="2012-01-04 14:31:26.676" />
  <User id="30097189-d51f-4b72-9133-a7010334576f" name="张伍雷" phone="" email="" allowPost="false" postAddress="" postCode="" moreInfo="" isSaved="false" updateDate="2012-01-04 14:31:26.677" />
  <User id="17c5aa72-5901-4086-873d-6c130e94d619" name="周玖泓" phone="" email="" allowPost="false" postAddress="" postCode="" moreInfo="" isSaved="false" updateDate="2012-01-04 14:31:26.678" />
  <User id="02ade547-2df0-43a3-b6f7-439d88bca1db" name="郭仈冲" phone="" email="" allowPost="false" postAddress="" postCode="" moreInfo="" isSaved="false" updateDate="2012-01-04 14:31:26.680" />
  <User id="3a4067e9-535b-403d-bff4-cc19ad611787" name="周一洁" phone="" email="" allowPost="false" postAddress="" postCode="" moreInfo="" isSaved="false" updateDate="2012-01-04 14:31:26.681" />
  <User id="390daab7-b9c4-40c8-99ad-e97339ed1d81" name="郭仈惠" phone="" email="" allowPost="false" postAddress="" postCode="" moreInfo="" isSaved="false" updateDate="2012-01-04 14:31:26.682" />
  <User id="8c022bb0-5035-4663-bc92-58c34d5d1f6e" name="郭叁富" phone="" email="" allowPost="false" postAddress="" postCode="" moreInfo="" isSaved="false" updateDate="2012-01-04 14:31:26.683" />
  <User id="73dc5850-4d37-4528-802e-bbe116a190e6" name="张伍洁" phone="" email="" allowPost="false" postAddress="" postCode="" moreInfo="" isSaved="false" updateDate="2012-01-04 14:31:26.684" />
  <User id="564d9f8d-5ff8-46ce-99f5-582e1932bff7" name="孙叁嘉" phone="" email="" allowPost="false" postAddress="" postCode="" moreInfo="" isSaved="false" updateDate="2012-01-04 14:31:26.686" />
  <User id="e7a2a601-88c7-4694-a6ac-40ef145a243d" name="周仈宁" phone="" email="" allowPost="false" postAddress="" postCode="" moreInfo="" isSaved="false" updateDate="2012-01-04 14:31:26.687" />
  <User id="2131d008-46ae-4b0e-a303-e9642cfe4022" name="周六昕" phone="" email="" allowPost="false" postAddress="" postCode="" moreInfo="" isSaved="false" updateDate="2012-01-04 14:31:26.689" />
  <User id="3c5ad937-7d97-4c39-8d06-618cb09a5bde" name="李一鑫" phone="" email="" allowPost="false" postAddress="" postCode="" moreInfo="" isSaved="false" updateDate="2012-01-04 14:31:26.690" />
  <User id="1d3bb8f8-33ed-4286-9d4e-e63f4b04c984" name="郭叁惠" phone="" email="" allowPost="false" postAddress="" postCode="" moreInfo="" isSaved="false" updateDate="2012-01-04 14:31:26.692" />
  <User id="eeea748a-a9ac-4b58-ba57-565a7a5804e4" name="李玖惠" phone="" email="" allowPost="false" postAddress="" postCode="" moreInfo="" isSaved="false" updateDate="2012-01-04 14:31:26.695" />
  <User id="3de58454-57ba-4851-a434-70c3b9dc9d13" name="张肆洁" phone="" email="" allowPost="false" postAddress="" postCode="" moreInfo="" isSaved="false" updateDate="2012-01-04 14:31:26.696" />
  <User id="4bdba2b5-caec-4dcf-aefa-d77eb1e36e89" name="孙仈雷" phone="" email="" allowPost="false" postAddress="" postCode="" moreInfo="" isSaved="false" updateDate="2012-01-04 14:31:26.697" />
  <User id="4c77cf6e-7871-4022-8cdf-9de59856bc25" name="张六宁" phone="" email="" allowPost="false" postAddress="" postCode="" moreInfo="" isSaved="false" updateDate="2012-01-04 14:31:26.699" />
  <User id="cb902159-3076-43d3-9c06-3053dea9eb41" name="周六剑" phone="" email="" allowPost="false" postAddress="" postCode="" moreInfo="" isSaved="false" updateDate="2012-01-04 14:31:26.700" />
  <User id="e8350463-b7ca-4278-89b9-cec335efae03" name="郭七挺" phone="" email="" allowPost="false" postAddress="" postCode="" moreInfo="" isSaved="false" updateDate="2012-01-04 14:31:26.702" />
  <User id="133755ac-6da0-40c1-8a9c-70c8c7fba8ac" name="王贰璐" phone="" email="" allowPost="false" postAddress="" postCode="" moreInfo="" isSaved="false" updateDate="2012-01-04 14:31:26.704" />
  <User id="9264ad7d-2cfa-44c7-a007-5104e1919cf6" name="孙玖辉" phone="" email="" allowPost="false" postAddress="" postCode="" moreInfo="" isSaved="false" updateDate="2012-01-04 14:31:26.706" />
  <User id="903eef53-3012-455f-a0da-a754694f3d8e" name="孙玖昕" phone="" email="" allowPost="false" postAddress="" postCode="" moreInfo="" isSaved="false" updateDate="2012-01-04 14:31:26.707" />
  <User id="1b842743-fc8f-403c-a897-e1edef9e76de" name="王七富" phone="" email="" allowPost="false" postAddress="" postCode="" moreInfo="" isSaved="false" updateDate="2012-01-04 14:31:26.709" />
  <User id="f51fb8e7-2e16-45fa-afb6-0e5d7b603698" name="李玖宁" phone="" email="" allowPost="false" postAddress="" postCode="" moreInfo="" isSaved="false" updateDate="2012-01-04 14:31:26.710" />
  <User id="5090ab8e-6eb7-49bf-8c0d-f10b3591cbd8" name="李六博" phone="" email="" allowPost="false" postAddress="" postCode="" moreInfo="" isSaved="false" updateDate="2012-01-04 14:31:26.712" />
  <User id="fa21243e-bcf0-4d4f-8b76-37e138c213b6" name="周肆富" phone="" email="" allowPost="false" postAddress="" postCode="" moreInfo="" isSaved="false" updateDate="2012-01-04 14:31:26.714" />
  <User id="cbb33149-4f60-4a47-b15f-61c4dee2f806" name="孙一博" phone="" email="" allowPost="false" postAddress="" postCode="" moreInfo="" isSaved="false" updateDate="2012-01-04 14:31:26.716" />
  <User id="4890898b-b7f7-45b7-a41e-a2890f691887" name="李七泓" phone="" email="" allowPost="false" postAddress="" postCode="" moreInfo="" isSaved="false" updateDate="2012-01-04 14:31:26.718" />
  <User id="9bd5266d-7809-4993-8ba2-38b682be0d64" name="孙玖喆" phone="" email="" allowPost="false" postAddress="" postCode="" moreInfo="" isSaved="false" updateDate="2012-01-04 14:31:26.720" />
  <User id="331e7910-7689-484b-8f31-efca30210717" name="张叁雷" phone="" email="" allowPost="false" postAddress="" postCode="" moreInfo="" isSaved="false" updateDate="2012-01-04 14:31:26.721" />
  <User id="dc8c5768-9fb3-44b5-9c6f-ae4d74159998" name="张贰晓" phone="" email="" allowPost="false" postAddress="" postCode="" moreInfo="" isSaved="false" updateDate="2012-01-04 14:31:26.724" />
  <User id="e1580a3b-4902-4a5b-8591-2861e386b879" name="周七喆" phone="" email="" allowPost="false" postAddress="" postCode="" moreInfo="" isSaved="false" updateDate="2012-01-04 14:31:26.726" />
  <User id="2a34c46e-ad64-4447-a281-36a11b4bddcf" name="周七宁" phone="" email="" allowPost="false" postAddress="" postCode="" moreInfo="" isSaved="false" updateDate="2012-01-04 14:31:26.727" />
  <User id="cadec5ce-a068-4ccf-a2b1-8bb44da9b5a0" name="李七泓" phone="" email="" allowPost="false" postAddress="" postCode="" moreInfo="" isSaved="false" updateDate="2012-01-04 14:31:26.734" />
  <User id="849706ec-eda9-4422-93a6-f546ceef62e3" name="王仈挺" phone="" email="" allowPost="false" postAddress="" postCode="" moreInfo="" isSaved="false" updateDate="2012-01-04 14:31:26.736" />
  <User id="eda9436c-5821-49c5-8204-4ee2bd6fb128" name="周七晓" phone="" email="" allowPost="false" postAddress="" postCode="" moreInfo="" isSaved="false" updateDate="2012-01-04 14:31:26.738" />
  <User id="05e3a16d-7793-4903-a9f4-91bc9291a564" name="周玖亮" phone="" email="" allowPost="false" postAddress="" postCode="" moreInfo="" isSaved="false" updateDate="2012-01-04 14:31:26.739" />
  <User id="7cba47fe-0017-4982-bbe8-535190f8f1a3" name="周叁剑" phone="" email="" allowPost="false" postAddress="" postCode="" moreInfo="" isSaved="false" updateDate="2012-01-04 14:31:26.742" />
  <User id="f0c50f70-3d7b-418b-ab38-1b12d459bc32" name="李叁亮" phone="" email="" allowPost="false" postAddress="" postCode="" moreInfo="" isSaved="false" updateDate="2012-01-04 14:31:26.744" />
  <User id="418e03b4-3f5b-4591-bd47-4dd2c378cef0" name="孙一倩" phone="" email="" allowPost="false" postAddress="" postCode="" moreInfo="" isSaved="false" updateDate="2012-01-04 14:31:26.745" />
  <User id="5a956afa-ceef-42b1-ad87-dd4be53f4efd" name="王一鑫" phone="" email="" allowPost="false" postAddress="" postCode="" moreInfo="" isSaved="false" updateDate="2012-01-04 14:31:26.747" />
  <User id="6c6e21b8-0b2a-4f34-9a82-fcd10f9974c6" name="周叁倩" phone="" email="" allowPost="false" postAddress="" postCode="" moreInfo="" isSaved="false" updateDate="2012-01-04 14:31:26.749" />
</Users>